"";"Res";"AA_Ref";"Num_Ref";"Prot_Ref";"X.Min";"X.Neu";"X.Max";"CantMin";"CantNeu";"CantMax";"ICMin";"ICNeu";"ICMax";"ICTot";"FrustEstado"
"1";1;"Q";6;"1GCQ_A";0;1;0;0;4;0;0;1,00029;0;1,00029;"NEU"
"2";2;"A";7;"1GCQ_A";1;0;0;4;0;0;1,00029;0;0;1,00029;"MIN"
"3";3;"L";8;"1GCQ_A";1;0;0;4;0;0;1,00029;0;0;1,00029;"MIN"
"4";4;"F";9;"1GCQ_A";0,5;0,5;0;2;2;0;0,0001451436;0,0001451436;0;0,0002902872;"MIN"
"5";5;"D";10;"1GCQ_A";0,5;0,5;0;2;2;0;0,0001451436;0,0001451436;0;0,0002902872;"MIN"
"6";6;"F";11;"1GCQ_A";1;0;0;4;0;0;1,00029;0;0;1,00029;"MIN"
"7";7;"D";12;"1GCQ_A";0,25;0,75;0;1;3;0;0,04725304;0,1417591;0;0,1890122;"NEU"
"8";8;"P";13;"1GCQ_A";0,25;0,75;0;1;3;0;0,04725304;0,1417591;0;0,1890122;"NEU"
"9";9;"Q";14;"1GCQ_A";0,25;0,75;0;1;3;0;0,04725304;0,1417591;0;0,1890122;"NEU"
"10";10;"E";15;"1GCQ_A";0;0,25;0,75;0;1;3;0;0,04725304;0,1417591;0,1890122;"MAX"
"11";11;"D";16;"1GCQ_A";0,25;0,75;0;1;3;0;0,04725304;0,1417591;0;0,1890122;"NEU"
"12";12;"G";17;"1GCQ_A";0;1;0;0;4;0;0;1,00029;0;1,00029;"NEU"
"13";13;"E";18;"1GCQ_A";0;0,25;0,75;0;1;3;0;0,04725304;0,1417591;0,1890122;"MAX"
"14";14;"L";19;"1GCQ_A";1;0;0;4;0;0;1,00029;0;0;1,00029;"MIN"
"15";15;"G";20;"1GCQ_A";0,25;0,5;0,25;1;2;1;-0,1249274;-0,2498549;-0,1249274;-0,4997097;"NEU"
"16";16;"F";21;"1GCQ_A";1;0;0;4;0;0;1,00029;0;0;1,00029;"MIN"
"17";17;"R";22;"1GCQ_A";0,5;0,5;0;2;2;0;0,0001451436;0,0001451436;0;0,0002902872;"MIN"
"18";18;"R";23;"1GCQ_A";0,25;0,75;0;1;3;0;0,04725304;0,1417591;0;0,1890122;"NEU"
"19";19;"G";24;"1GCQ_A";0;1;0;0;4;0;0;1,00029;0;1,00029;"NEU"
"20";20;"D";25;"1GCQ_A";0;0,75;0,25;0;3;1;0;0,1417591;0,04725304;0,1890122;"NEU"
"21";21;"F";26;"1GCQ_A";0,75;0,25;0;3;1;0;0,1417591;0,04725304;0;0,1890122;"MIN"
"22";22;"I";27;"1GCQ_A";1;0;0;4;0;0;1,00029;0;0;1,00029;"MIN"
"23";23;"H";28;"1GCQ_A";0;0,75;0,25;0;3;1;0;0,1417591;0,04725304;0,1890122;"NEU"
"24";24;"V";29;"1GCQ_A";1;0;0;4;0;0;1,00029;0;0;1,00029;"MIN"
"25";25;"M";30;"1GCQ_A";0,75;0,25;0;3;1;0;0,1417591;0,04725304;0;0,1890122;"MIN"
"26";26;"D";31;"1GCQ_A";0;1;0;0;4;0;0;1,00029;0;1,00029;"NEU"
"27";27;"N";32;"1GCQ_A";0;1;0;0;4;0;0;1,00029;0;1,00029;"NEU"
"28";28;"S";33;"1GCQ_A";0,75;0,25;0;3;1;0;0,1417591;0,04725304;0;0,1890122;"MIN"
"29";29;"D";34;"1GCQ_A";0;1;0;0;4;0;0;1,00029;0;1,00029;"NEU"
"30";30;"P";35;"1GCQ_A";0;1;0;0;4;0;0;1,00029;0;1,00029;"NEU"
"31";31;"N";36;"1GCQ_A";0,75;0,25;0;3;1;0;0,1417591;0,04725304;0;0,1890122;"MIN"
"32";32;"W";37;"1GCQ_A";0;0;1;0;0;4;0;0;1,00029;1,00029;"MAX"
"33";33;"W";38;"1GCQ_A";0;1;0;0;4;0;0;1,00029;0;1,00029;"NEU"
"34";34;"K";39;"1GCQ_A";0;0,5;0,5;0;2;2;0;0,0001451436;0,0001451436;0,0002902872;"NEU"
"35";35;"G";40;"1GCQ_A";0;1;0;0;4;0;0;1,00029;0;1,00029;"NEU"
"36";36;"A";41;"1GCQ_A";0;1;0;0;4;0;0;1,00029;0;1,00029;"NEU"
"37";37;"C";42;"1GCQ_A";0,75;0,25;0;3;1;0;0,1417591;0,04725304;0;0,1890122;"MIN"
"38";38;"H";43;"1GCQ_A";0;1;0;0;4;0;0;1,00029;0;1,00029;"NEU"
"39";39;"G";44;"1GCQ_A";0;1;0;0;4;0;0;1,00029;0;1,00029;"NEU"
"40";40;"Q";45;"1GCQ_A";0,25;0,5;0,25;1;2;1;-0,1249274;-0,2498549;-0,1249274;-0,4997097;"NEU"
"41";41;"T";46;"1GCQ_A";0,25;0,75;0;1;3;0;0,04725304;0,1417591;0;0,1890122;"NEU"
"42";42;"G";47;"1GCQ_A";1;0;0;1;0;0;-0,08173099;0;0;-0,08173099;"MIN"
"43";43;"M";48;"1GCQ_A";0,5;0,5;0;2;2;0;0,0001451436;0,0001451436;0;0,0002902872;"MIN"
"44";44;"F";49;"1GCQ_A";1;0;0;4;0;0;1,00029;0;0;1,00029;"MIN"
"45";45;"P";50;"1GCQ_A";0,75;0,25;0;3;1;0;0,1417591;0,04725304;0;0,1890122;"MIN"
"46";46;"R";51;"1GCQ_A";0;1;0;0;4;0;0;1,00029;0;1,00029;"NEU"
"47";47;"N";52;"1GCQ_A";0;1;0;0;4;0;0;1,00029;0;1,00029;"NEU"
"48";48;"Y";53;"1GCQ_A";0,25;0,75;0;1;3;0;0,04725304;0,1417591;0;0,1890122;"NEU"
"49";49;"V";54;"1GCQ_A";1;0;0;4;0;0;1,00029;0;0;1,00029;"MIN"
"50";50;"T";55;"1GCQ_A";0,75;0,25;0;3;1;0;0,1417591;0,04725304;0;0,1890122;"MIN"
"51";51;"P";56;"1GCQ_A";0,25;0,5;0,25;1;2;1;-0,1249274;-0,2498549;-0,1249274;-0,4997097;"NEU"
"52";52;"V";57;"1GCQ_A";0,5;0,25;0,25;2;1;1;-0,2498549;-0,1249274;-0,1249274;-0,4997097;"MIN"
"53";53;"N";58;"1GCQ_A";0,25;0,75;0;1;3;0;0,04725304;0,1417591;0;0,1890122;"NEU"
"54";54;"R";59;"1GCQ_A";0;1;0;0;3;0;0;0,8800657;0;0,8800657;"NEU"
"55";55;"N";60;"1GCQ_A";0,5;0,5;0;1;1;0;-0,1801917;-0,1801917;0;-0,3603835;"MIN"
"56";56;"V";61;"1GCQ_A";0,5;0,5;0;1;1;0;-0,1801917;-0,1801917;0;-0,3603835;"MIN"
